Task,Workload,Memory,Deadline,Weight,ArrivalTime
T1,733,20,20.12,4,0.38
T2,400,17,12.45,2,0.51
T3,353,16,15.66,2,0.81
T4,571,18,23.5,3,0.81
T5,323,15,10.85,3,1.48
T6,560,10,17.62,1,1.93
T7,701,20,23.11,5,3.62
T8,354,23,19.91,2,3.69
T9,648,18,24.78,3,4.61
T10,702,7,32.81,3,4.81
T11,529,14,26.33,4,4.98
T12,665,8,24.42,4,5.69
T13,749,19,31.33,1,5.94
T14,137,18,11.85,3,6.06
T15,524,16,25.69,4,7.26
T16,575,6,24.48,5,9.09
T17,375,7,25.11,1,9.13
T18,364,16,21.76,4,9.75
T19,516,16,35.59,4,11.51
T20,492,15,32.26,3,16.54
T21,179,19,27.19,3,20.98
T22,577,18,42.31,3,21.87
T23,399,18,36.17,5,24.18
T24,447,11,38.3,1,24.41
T25,533,8,50.93,2,24.67
T26,104,17,28.63,3,25.68
T27,249,12,35.48,2,25.79
T28,168,7,33.25,2,26.21
T29,358,23,42.68,2,26.35
T30,620,8,51.18,4,26.51
T31,296,7,37.9,5,26.62
T32,427,10,43.44,5,27.38
T33,623,11,55.64,3,27.41
T34,666,12,61.06,3,29.95
T35,320,8,44.72,2,29.95
T36,571,17,47.14,5,31.24
T37,167,17,38.8,4,31.83
T38,384,16,47.16,2,32.35
T39,109,23,38.61,5,33.36
T40,724,7,68.75,2,33.97
T41,745,20,57.4,2,36.68
T42,374,22,47.22,2,37.0
T43,800,18,76.73,2,37.46
T44,154,13,42.99,2,37.86
T45,454,23,60.29,5,37.98
T46,231,8,47.15,1,38.1
T47,202,13,44.85,2,39.34
T48,486,10,61.78,1,42.72
T49,767,10,69.47,1,43.3
T50,323,16,55.98,3,45.29
T51,466,12,70.07,2,46.91
T52,692,17,76.11,2,48.27
T53,510,18,71.73,5,49.36
T54,689,19,74.27,1,51.0
T55,357,13,70.5,5,53.54
T56,665,23,80.12,3,56.45
T57,482,13,78.56,4,56.91
T58,362,20,68.97,1,57.0
T59,368,8,70.31,3,57.51
T60,399,21,69.16,3,57.99
T61,245,8,68.73,1,58.52
T62,679,12,87.24,2,60.09
T63,434,21,78.8,2,60.31
T64,484,10,86.43,4,62.52
T65,247,19,71.8,5,64.0
T66,163,10,71.97,5,64.25
T67,323,6,75.28,3,65.56
T68,711,7,93.31,2,66.95
T69,504,18,91.36,5,67.28
T70,392,23,81.05,1,67.68
T71,669,16,99.18,1,69.2
T72,182,6,75.73,5,69.59
T73,562,6,100.23,5,72.72
T74,800,11,109.74,4,74.97
T75,279,7,89.06,2,75.25
T76,412,20,90.99,4,76.42
T77,168,17,82.58,5,77.55
T78,231,15,88.7,5,79.74
T79,790,13,103.7,2,80.07
T80,695,21,112.46,2,80.16
T81,487,12,95.57,4,81.52
T82,188,18,89.74,2,83.76
T83,723,14,117.19,3,84.85
T84,495,18,105.21,1,86.9
T85,170,6,95.09,5,86.9
T86,302,16,102.31,3,87.65
T87,406,14,102.45,3,88.03
T88,313,16,100.28,1,88.63
T89,371,18,108.9,2,92.05
T90,152,17,98.46,1,92.51
T91,211,22,100.88,4,94.58
T92,387,13,113.62,2,95.78
T93,405,13,110.77,3,95.79
T94,359,24,108.38,5,96.33
T95,158,16,103.28,2,96.89
T96,796,15,136.57,3,98.08
T97,225,19,107.65,1,100.35
T98,188,23,107.65,1,101.61
T99,566,10,128.56,1,101.65
T100,226,19,114.92,1,105.17
T101,766,19,143.23,1,107.3
T102,574,23,134.75,2,108.92
T103,651,17,128.15,4,110.14
T104,576,6,135.8,2,110.82
T105,716,20,140.72,3,111.99
T106,375,21,128.57,4,113.03
T107,230,22,124.46,2,113.36
T108,798,6,141.56,2,114.31
T109,671,22,140.24,5,114.73
T110,253,20,124.43,4,115.16
T111,762,14,150.2,4,115.71
T112,373,7,126.72,1,115.83
T113,478,24,131.03,1,116.0
T114,215,16,126.1,5,116.36
T115,754,24,152.91,1,117.73
T116,195,15,126.88,5,117.81
T117,135,6,123.99,3,118.01
T118,477,11,133.11,4,119.24
T119,100,6,123.11,1,120.0
T120,792,13,160.67,4,122.04
T121,420,24,139.27,3,124.62
T122,780,13,157.77,5,125.85
T123,442,12,142.53,2,125.87
T124,800,24,147.85,2,126.48
T125,539,21,152.5,4,126.87
T126,237,24,137.43,5,127.97
T127,476,6,150.1,2,128.13
T128,710,22,154.84,3,129.49
T129,386,11,145.16,4,129.93
T130,511,13,157.72,4,133.59
T131,693,16,169.11,1,134.83
T132,394,6,150.04,2,138.34
T133,257,19,149.3,5,138.49
T134,305,24,151.41,5,140.62
T135,167,23,148.29,1,140.78
T136,128,11,146.07,3,141.11
T137,290,10,150.86,5,141.58
T138,727,19,174.44,5,142.51
T139,535,12,166.16,3,143.55
T140,117,23,148.81,1,143.98
T141,753,11,167.4,3,145.68
T142,378,8,156.8,1,145.89
T143,237,15,153.74,2,146.44
T144,290,15,160.97,4,150.18
T145,646,6,180.07,4,151.41
T146,128,17,157.4,5,151.42
T147,198,12,160.19,2,152.51
T148,375,23,165.6,1,152.96
T149,745,10,185.07,5,153.13
T150,506,15,167.46,3,153.92
T151,490,15,174.27,3,154.72
T152,400,22,171.03,5,156.73
T153,594,20,187.6,2,158.54
T154,267,13,169.89,4,158.84
T155,692,16,181.89,3,160.58
T156,415,15,172.73,1,161.1
T157,755,13,187.75,2,161.58
T158,563,23,183.04,2,161.8
T159,621,18,192.24,4,162.76
T160,518,13,181.36,2,162.87
T161,164,20,170.91,2,163.19
T162,478,19,183.89,3,164.54
T163,359,18,176.22,4,164.61
T164,262,15,177.39,2,166.58
T165,589,14,193.89,1,167.45
T166,179,22,174.51,3,167.67
T167,596,21,183.93,1,167.98
T168,794,13,204.1,2,168.35
T169,118,23,173.96,2,168.94
T170,472,20,187.23,1,170.19
T171,797,19,209.24,1,170.22
T172,504,14,186.02,3,170.4
T173,388,11,184.13,4,171.62
T174,192,17,180.8,4,172.16
T175,557,10,194.49,3,172.22
T176,587,13,190.36,2,172.28
T177,338,6,190.83,4,174.24
T178,294,10,190.9,2,177.21
T179,223,22,186.19,3,177.35
T180,166,12,184.33,4,178.49
T181,223,17,188.03,1,179.69
T182,461,11,193.35,3,179.69
T183,355,6,193.24,4,180.37
T184,182,12,188.72,5,181.17
T185,219,24,188.24,2,181.8
T186,730,18,207.72,2,182.3
T187,439,14,194.99,2,182.74
T188,794,22,206.7,3,184.8
T189,174,14,190.18,1,185.25
T190,692,17,210.85,4,185.52
T191,783,15,214.82,2,186.82
T192,557,18,214.12,3,186.85
T193,793,17,227.72,3,188.46
T194,435,18,205.92,2,189.26
T195,206,17,196.96,1,191.3
T196,118,18,197.23,4,192.14
T197,696,22,227.43,4,193.41
T198,511,23,213.89,2,195.3
T199,537,20,211.62,4,196.34
T200,175,19,201.96,5,197.12
T201,222,22,206.95,1,197.23
T202,140,18,203.31,3,198.07
T203,462,22,214.76,2,198.96
T204,231,19,206.14,3,199.32
T205,733,18,223.3,2,200.14
T206,433,22,213.89,1,201.09
T207,112,10,206.03,2,201.71
T208,567,11,222.72,4,201.71
T209,312,11,215.84,5,202.09
T210,631,16,226.35,2,203.32
T211,122,23,207.98,3,204.28
T212,562,21,232.31,4,204.3
T213,153,23,211.23,2,204.82
T214,407,21,220.43,4,205.4
T215,516,13,227.25,3,208.08
T216,763,12,247.02,5,210.15
T217,214,23,217.36,3,210.27
T218,759,22,246.14,5,212.12
T219,400,11,229.48,4,214.6
T220,714,24,238.1,1,215.34
T221,408,17,228.39,1,215.97
T222,484,10,231.41,4,216.74
T223,199,14,228.6,2,218.98
T224,327,6,233.46,4,220.15
T225,800,19,251.07,3,220.63
T226,693,16,243.89,2,224.25
T227,771,23,255.97,4,224.63
T228,411,10,242.93,5,228.71
T229,585,24,248.95,2,229.3
T230,460,11,246.52,1,229.57
T231,413,6,250.14,1,230.2
T232,532,23,257.6,2,232.15
T233,136,15,239.47,5,233.9
T234,718,16,268.75,4,235.12
T235,564,12,254.68,5,235.25
T236,439,13,253.21,3,235.81
T237,325,12,245.85,2,237.18
T238,244,8,245.42,2,237.2
T239,563,12,254.63,2,238.09
T240,701,19,258.47,2,238.18
T241,167,15,243.45,1,238.33
T242,227,22,247.93,4,238.62
T243,174,11,245.25,4,238.68
T244,745,6,265.07,1,240.06
T245,188,12,248.49,1,240.51
T246,491,7,262.41,1,240.94
T247,551,22,257.95,1,241.43
T248,793,15,270.44,3,241.87
T249,106,18,246.81,3,242.39
T250,198,16,252.03,1,243.27
T251,753,18,269.13,2,244.72
T252,305,11,260.79,4,246.79
T253,236,18,254.26,3,247.41
T254,253,16,257.49,2,249.68
T255,175,12,257.33,4,250.61
T256,330,21,264.73,3,251.75
T257,298,7,265.83,5,251.92
T258,755,12,279.8,5,252.51
T259,190,15,262.38,3,253.29
T260,484,10,274.67,1,253.53
T261,476,24,275.7,1,254.89
T262,456,10,269.7,2,256.39
T263,230,19,267.62,5,256.96
T264,440,7,274.98,1,257.28
T265,300,24,266.29,2,257.44
T266,363,17,271.94,5,261.99
T267,635,19,292.03,2,265.02
T268,144,10,272.7,3,267.35
T269,141,8,275.04,5,269.76
T270,650,23,297.55,5,271.59
T271,626,22,293.57,3,272.53
T272,610,23,302.03,3,272.77
T273,555,12,291.89,3,273.46
T274,326,15,288.25,4,275.08
T275,155,22,282.62,2,275.35
T276,152,12,281.49,5,275.78
T277,374,8,291.26,2,277.15
T278,114,20,281.03,1,277.48
T279,523,15,302.05,5,278.74
T280,461,21,295.81,4,279.13
T281,440,24,294.11,3,279.62
T282,368,18,292.03,2,279.77
T283,432,15,296.9,4,280.16
T284,724,23,311.1,2,280.68
T285,734,7,315.61,5,281.08
T286,200,11,290.08,3,282.52
T287,125,17,288.84,5,282.84
T288,535,17,300.55,3,283.3
T289,644,20,312.15,2,284.15
T290,547,13,310.26,1,284.29
T291,404,13,299.56,4,284.31
T292,506,18,307.41,5,284.92
T293,528,8,312.99,3,288.4
T294,414,23,308.6,5,289.02
T295,258,17,301.86,1,290.57
T296,715,19,316.3,1,292.79
T297,524,12,314.42,4,296.05
T298,162,16,304.06,3,297.88
T299,640,6,321.34,5,298.22
T300,123,19,302.31,1,298.59
T301,143,19,305.89,5,299.92
T302,276,13,308.6,1,300.64
T303,486,24,322.07,3,300.68
T304,664,7,321.59,1,300.68
T305,292,13,310.12,3,300.99
T306,257,15,309.98,2,301.02
T307,680,20,326.49,3,301.13
T308,115,11,305.33,5,301.5
T309,597,13,320.8,5,303.51
T310,479,14,324.51,3,304.5
T311,699,14,339.23,1,305.11
T312,564,19,324.55,2,305.9
T313,462,15,322.18,1,306.27
T314,365,10,323.96,4,307.53
T315,204,19,317.6,5,307.66
T316,784,8,334.54,4,308.22
T317,569,13,333.79,5,308.76
T318,297,15,323.74,3,309.97
T319,783,17,343.23,3,312.26
T320,566,12,333.9,3,312.32
T321,124,14,316.15,2,312.55
T322,300,13,326.68,4,312.64
T323,789,17,337.28,1,314.8
T324,196,21,324.91,1,315.19
T325,101,12,321.71,2,316.89
T326,548,18,340.31,2,317.41
T327,215,15,324.3,3,317.89
T328,780,13,342.48,3,317.93
T329,644,8,339.12,3,319.38
T330,666,6,344.84,5,320.19
T331,173,18,326.06,4,320.58
T332,729,15,342.89,2,321.2
T333,549,20,338.35,4,322.52
T334,309,7,335.36,5,323.46
T335,438,8,335.44,5,323.58
T336,274,20,339.1,2,326.53
T337,469,10,343.82,3,327.59
T338,114,13,331.18,4,327.73
T339,383,13,348.67,3,330.36
T340,223,10,341.51,2,332.07
T341,440,23,352.57,1,332.29
T342,477,11,346.75,4,332.38
T343,218,7,341.88,5,335.8
T344,166,10,341.51,4,337.05
T345,209,19,347.29,3,337.47
T346,240,21,348.3,3,338.09
T347,441,19,357.68,4,338.56
T348,672,12,361.05,1,339.03
T349,113,13,345.28,5,339.83
T350,270,24,350.13,2,340.44
T351,678,18,364.81,5,340.45
T352,647,22,365.27,1,341.78
T353,115,12,346.97,5,343.74
T354,743,6,379.6,1,345.58
T355,268,19,358.56,3,346.15
T356,788,8,372.92,2,346.28
T357,298,6,354.66,4,346.33
T358,672,13,379.25,2,346.37
T359,391,22,364.24,3,352.22
T360,787,24,374.24,2,352.42
T361,315,10,367.82,4,355.16
T362,126,13,364.56,1,358.75
T363,463,17,373.84,5,358.81
T364,544,21,385.88,1,359.18
T365,785,23,381.79,5,359.5
T366,465,15,383.04,1,361.42
T367,111,12,368.51,1,363.04
T368,517,11,388.92,2,364.88
T369,508,21,384.01,5,365.56
T370,737,23,394.86,3,365.6
T371,407,6,385.31,3,365.65
T372,219,21,376.53,1,367.64
T373,328,15,378.89,4,370.12
T374,292,14,378.98,2,370.17
T375,162,6,375.51,1,370.69
T376,696,18,402.45,2,373.81
T377,635,19,392.63,4,374.08
T378,273,17,386.98,1,374.48
T379,503,18,392.64,5,374.96
T380,467,18,390.83,4,375.27
T381,487,6,399.48,2,376.66
T382,636,23,399.53,1,377.59
T383,497,7,398.85,1,378.29
T384,213,22,384.32,3,378.45
T385,208,24,389.53,1,379.37
T386,611,16,410.5,4,380.23
T387,702,10,401.59,5,381.39
T388,741,6,410.06,1,381.5
T389,645,22,408.59,2,382.4
T390,673,22,404.17,5,383.84
T391,524,16,408.29,4,383.95
T392,326,24,398.41,3,384.0
T393,220,16,392.86,1,385.43
T394,280,22,394.73,2,387.05
T395,125,15,392.53,4,387.2
T396,188,22,395.33,1,388.49
T397,652,19,413.43,4,389.15
T398,693,13,411.88,4,389.65
T399,389,10,405.39,2,391.78
T400,208,12,400.33,2,392.72
T401,498,12,416.67,1,393.15
T402,529,23,412.58,3,393.76
T403,137,7,399.63,5,395.34
T404,199,13,405.22,1,395.45
T405,642,22,419.42,1,401.61
T406,698,10,422.1,2,401.64
T407,692,20,422.16,2,402.38
T408,746,21,438.68,4,402.86
T409,496,8,427.55,1,402.88
T410,741,20,426.55,1,403.61
T411,479,8,420.43,4,404.43
T412,592,18,421.93,5,404.59
T413,633,17,426.59,5,405.81
T414,638,8,429.65,5,406.75
T415,609,21,429.88,5,409.04
T416,691,18,434.38,3,409.54
T417,107,13,414.5,4,410.28
T418,463,14,425.24,5,410.98
T419,668,11,439.77,3,411.69
T420,665,24,436.24,5,414.0
T421,508,23,434.79,2,415.72
T422,470,23,436.48,5,416.35
T423,237,19,427.61,4,416.35
T424,741,8,439.72,4,416.97
T425,409,22,431.13,4,417.62
T426,562,8,444.4,1,417.87
T427,468,10,435.92,1,418.11
T428,224,13,429.08,2,418.3
T429,761,23,453.6,3,419.24
T430,201,20,430.47,1,420.71
T431,446,7,438.08,3,420.72
T432,205,11,429.71,3,421.36
T433,193,6,429.88,2,421.4
T434,718,15,456.22,5,421.75
T435,394,10,433.91,3,423.16
T436,639,13,444.03,4,423.26
T437,749,7,458.77,4,423.31
T438,174,6,430.61,2,425.73
T439,687,6,448.28,3,427.14
T440,188,23,432.7,3,427.24
T441,502,17,443.71,2,428.92
T442,261,14,440.76,3,429.52
T443,778,13,460.81,3,429.6
T444,432,8,443.64,4,431.53
T445,145,10,438.91,5,432.24
T446,421,15,443.78,5,432.52
T447,204,12,441.02,2,435.4
T448,708,12,455.17,1,435.53
T449,686,6,463.96,3,436.06
T450,198,13,443.93,5,436.22
T451,129,16,444.68,1,439.61
T452,635,6,466.01,3,440.73
T453,280,23,449.52,2,440.89
T454,771,8,474.5,2,441.12
T455,253,22,453.73,2,444.56
T456,776,20,470.43,5,445.33
T457,323,11,460.21,4,446.64
T458,574,13,468.6,4,446.65
T459,641,12,475.52,4,448.41
T460,508,17,469.72,5,449.26
T461,609,24,479.07,1,449.83
T462,644,20,481.74,5,450.79
T463,189,23,458.69,2,452.32
T464,451,21,472.39,5,452.63
T465,367,16,473.84,1,456.41
T466,192,8,463.46,5,456.84
T467,774,18,478.53,3,457.48
T468,523,8,485.53,1,459.39
T469,235,8,472.05,3,462.35
T470,755,23,500.07,5,463.2
T471,779,13,485.82,5,463.39
T472,440,20,484.09,2,465.52
T473,314,15,475.19,3,466.73
T474,149,24,473.39,3,468.77
T475,385,21,480.64,1,468.87
T476,105,22,474.85,1,471.41
T477,489,8,486.95,1,472.83
T478,637,7,506.92,4,475.08
T479,145,17,481.05,1,476.59
T480,349,21,488.87,3,476.6
T481,386,13,492.98,2,477.06
T482,539,11,497.56,3,478.08
T483,207,24,485.66,2,480.0
T484,418,18,493.11,2,481.05
T485,392,6,495.37,4,482.03
T486,271,21,496.05,2,483.86
T487,126,23,493.0,5,486.86
T488,397,11,499.7,5,487.26
T489,287,13,498.7,2,488.46
T490,199,21,497.56,1,488.76
T491,251,24,502.34,4,490.1
T492,280,19,501.41,4,490.25
T493,287,14,502.76,3,492.48
T494,171,15,502.66,5,494.98
T495,107,11,501.8,5,496.45
T496,539,16,522.45,3,496.83
T497,409,24,512.97,2,497.06
T498,709,6,535.34,2,500.5
T499,341,7,516.27,2,501.64
T500,681,15,524.96,3,502.17
T501,141,24,507.72,5,502.18
T502,775,15,537.41,3,502.41
T503,268,7,516.34,5,503.91
T504,641,16,536.93,4,505.23
T505,107,15,511.07,5,505.84
T506,197,13,514.78,5,505.99
T507,375,20,521.93,1,506.1
T508,663,19,526.17,4,506.41
T509,380,10,525.47,2,508.51
T510,436,13,521.16,4,508.61
T511,433,7,527.55,3,511.95
T512,435,22,533.73,3,513.18
T513,551,23,537.91,3,513.73
T514,287,24,523.36,2,514.66
T515,444,7,540.06,3,519.6
T516,157,7,526.44,4,519.62
T517,344,23,533.47,5,519.65
T518,448,22,535.18,4,520.23
T519,786,17,559.22,5,522.1
T520,419,10,536.87,2,522.96
T521,484,8,543.07,1,523.9
T522,324,8,534.73,4,525.23
T523,542,20,551.06,2,525.84
T524,780,20,550.4,3,526.09
T525,466,11,539.34,3,526.23
T526,677,11,547.04,2,526.51
T527,325,23,537.45,3,528.11
T528,487,10,549.21,1,529.58
T529,397,12,546.41,5,530.77
T530,328,17,542.5,4,531.65
T531,361,18,547.89,1,532.58
T532,407,10,552.75,5,533.74
T533,137,8,540.92,5,534.29
T534,450,24,552.55,1,534.77
T535,734,22,558.07,1,535.29
T536,175,21,540.11,4,535.43
T537,312,14,548.4,5,535.79
T538,456,22,553.05,2,537.87
T539,573,14,565.49,5,541.01
T540,516,14,565.2,2,541.99
T541,228,11,553.08,1,542.78
T542,666,14,569.4,4,542.91
T543,394,19,555.9,5,545.05
T544,157,17,552.04,1,545.08
T545,731,22,574.42,3,545.41
T546,334,12,555.04,3,545.76
T547,226,15,552.87,5,546.57
T548,575,6,569.57,4,548.73
T549,429,13,570.42,4,552.77
T550,378,7,566.86,5,552.86
T551,408,21,570.36,2,553.96
T552,347,19,570.54,4,556.17
T553,312,10,568.0,4,556.34
T554,704,13,587.07,5,558.79
T555,519,16,585.29,3,560.2
T556,331,8,569.97,1,560.26
T557,737,15,590.61,1,560.58
T558,421,22,578.74,1,561.8
T559,670,19,587.63,5,562.95
T560,514,13,579.59,2,563.07
T561,300,20,575.73,3,563.81
T562,473,20,580.66,4,564.99
T563,229,8,572.84,1,565.69
T564,723,11,594.1,2,565.86
T565,239,23,576.3,2,568.26
T566,616,8,597.5,1,569.24
T567,281,21,579.66,4,570.89
T568,738,23,592.7,1,570.92
T569,739,24,603.48,3,573.03
T570,362,24,583.7,1,573.46
T571,404,19,592.15,2,574.31
T572,444,15,594.53,3,577.17
T573,743,23,603.15,1,577.2
T574,614,23,604.55,2,578.74
T575,489,12,602.74,2,579.99
T576,352,21,597.42,1,581.88
T577,368,11,600.34,2,581.94
T578,220,13,591.45,3,583.48
T579,315,11,596.6,4,584.45
T580,586,6,604.99,2,584.61
T581,680,17,612.0,2,585.49
T582,129,7,591.94,4,586.4
T583,143,19,593.93,1,586.89
T584,534,10,604.89,2,588.34
T585,241,20,599.56,3,588.79
T586,119,16,595.55,5,590.38
T587,513,17,612.25,5,591.33
T588,584,10,610.54,3,591.98
T589,166,12,599.7,3,593.58
T590,661,19,622.95,2,595.38
T591,112,13,598.73,1,595.38
T592,722,12,628.35,3,595.88
T593,131,7,601.81,2,596.48
T594,508,10,614.01,3,599.46
T595,480,12,624.35,5,601.31
T596,701,21,636.01,3,602.23
T597,188,6,611.18,3,603.92
T598,454,16,621.62,5,604.27
T599,160,22,609.63,4,604.36
T600,748,17,635.96,1,604.39
T601,446,21,628.08,1,605.95
T602,102,20,610.51,4,606.16
T603,403,24,618.05,1,606.17
T604,337,22,620.93,3,606.2
T605,361,13,618.79,3,606.21
T606,178,12,614.66,2,608.61
T607,471,15,625.56,4,608.68
T608,447,8,621.88,3,608.7
T609,652,21,634.03,2,609.37
T610,563,11,633.9,2,610.4
T611,287,17,622.95,1,610.83
T612,466,20,628.24,5,614.39
T613,459,18,629.03,4,614.58
T614,258,10,623.85,2,616.76
T615,599,21,642.16,5,618.99
T616,184,13,629.81,4,621.42
T617,435,15,641.63,4,623.91
T618,371,10,642.08,4,626.0
T619,683,17,657.22,2,626.22
T620,752,6,661.14,5,626.31
T621,404,19,641.95,5,628.23
T622,318,19,642.28,1,628.65
T623,572,23,650.82,1,628.8
T624,237,8,640.2,1,629.35
T625,737,11,660.62,2,629.99
T626,733,10,655.5,1,631.61
T627,720,7,655.84,2,631.79
T628,341,21,649.37,1,632.65
T629,152,18,638.13,5,633.43
T630,418,15,646.26,3,634.11
T631,672,7,665.1,3,635.16
T632,182,18,643.02,1,636.56
T633,619,16,660.66,4,637.14
T634,407,20,652.78,4,638.67
T635,604,15,659.7,3,639.0
T636,100,24,642.87,2,639.37
T637,173,8,646.25,2,640.18
T638,591,15,659.6,2,640.34
T639,521,12,665.12,2,642.51
T640,275,22,653.73,2,643.87
T641,320,24,657.15,5,645.68
T642,353,8,659.83,4,646.25
T643,669,15,666.42,5,647.03
T644,345,7,664.38,4,647.75
T645,725,8,679.64,2,649.26
T646,425,11,670.43,1,650.31
T647,379,10,666.99,5,651.5
T648,554,20,668.42,2,652.16
T649,140,6,657.04,4,652.71
T650,262,8,662.0,2,654.93
T651,563,16,673.91,3,656.46
T652,488,23,676.41,5,656.58
T653,620,16,681.57,1,660.84
T654,156,6,669.11,3,661.88
T655,304,12,677.72,4,662.57
T656,108,14,667.54,2,663.28
T657,438,22,676.81,4,663.52
T658,520,10,685.68,4,664.36
T659,567,17,688.7,2,665.24
T660,575,13,682.02,4,666.66
T661,751,8,696.28,5,666.88
T662,448,12,682.67,2,669.99
T663,363,16,685.67,3,672.62
T664,419,7,685.71,1,674.27
T665,191,20,679.7,3,674.52
T666,216,21,683.69,4,675.46
T667,784,8,696.7,5,675.54
T668,415,14,693.57,5,676.07
T669,374,10,688.46,4,677.09
T670,109,8,681.73,2,678.18
T671,408,6,695.98,4,678.43
T672,597,8,704.17,5,679.08
T673,611,16,703.45,3,680.73
T674,761,13,709.4,3,684.09
T675,737,11,709.41,3,685.11
T676,200,22,693.51,3,686.25
T677,368,15,698.97,2,686.52
T678,697,6,713.75,4,687.0
T679,283,15,696.32,1,687.75
T680,212,8,696.42,3,689.69
T681,113,24,697.2,2,692.03
T682,104,12,696.28,5,693.36
T683,765,8,727.83,3,694.38
T684,689,23,729.01,1,695.26
T685,528,20,720.46,3,695.6
T686,127,10,703.59,4,697.31
T687,568,7,724.64,2,697.35
T688,443,16,715.03,2,697.57
T689,632,12,720.45,2,698.86
T690,504,19,713.02,4,699.1
T691,564,11,725.95,4,699.46
T692,523,6,720.19,4,700.11
T693,394,16,717.42,2,702.21
T694,573,7,721.79,4,702.8
T695,214,8,710.21,4,702.96
T696,497,17,719.46,1,703.87
T697,130,12,708.81,5,705.11
T698,449,8,720.81,3,705.65
T699,715,15,732.23,2,706.5
T700,140,24,714.86,1,708.22
T701,652,12,742.83,4,711.27
T702,121,21,718.0,2,712.28
T703,203,16,721.21,4,712.47
T704,127,13,717.93,1,712.54
T705,762,21,738.26,5,713.26
T706,200,8,719.81,5,713.89
T707,294,10,726.81,2,716.98
T708,153,19,723.56,4,718.03
T709,263,18,731.4,4,721.3
T710,211,13,729.87,5,722.14
T711,157,18,730.43,4,723.13
T712,764,22,757.01,4,723.92
T713,527,8,740.68,3,724.3
T714,715,22,749.55,4,724.6
T715,663,10,747.13,4,724.7
T716,425,16,741.75,1,726.05
T717,605,13,744.18,1,726.73
T718,217,19,734.36,4,727.97
T719,454,8,745.53,4,728.84
T720,793,14,767.37,1,728.96
T721,528,7,745.5,1,729.28
T722,126,10,735.67,5,729.45
T723,360,13,746.01,2,729.97
T724,322,23,741.02,1,730.54
T725,524,13,750.84,1,730.81
T726,598,21,755.96,2,731.0
T727,612,12,757.9,1,733.18
T728,551,6,754.39,5,733.33
T729,238,10,743.16,2,734.23
T730,440,24,749.73,2,735.6
T731,630,22,763.13,3,737.76
T732,389,13,754.84,1,737.78
T733,238,13,748.28,4,738.41
T734,285,6,749.26,5,739.17
T735,544,6,763.39,4,742.55
T736,126,15,750.67,2,745.68
T737,756,6,772.35,4,745.93
T738,791,19,769.74,2,747.55
T739,526,18,771.5,1,748.34
T740,150,16,754.42,5,749.01
T741,496,22,772.04,5,749.19
T742,621,7,771.87,1,749.32
T743,477,19,765.38,5,750.03
T744,797,14,786.74,1,753.1
T745,656,17,784.68,1,753.73
T746,210,22,764.91,1,754.58
T747,565,8,772.05,2,755.0
T748,696,21,781.14,1,758.54
T749,599,14,782.89,3,760.61
T750,284,18,772.71,4,760.72
T751,376,7,771.89,2,760.82
T752,546,18,788.79,2,761.58
T753,716,17,784.3,2,761.68
T754,196,23,771.09,4,765.39
T755,669,21,784.68,1,765.48
T756,771,6,800.54,4,766.12
T757,212,11,772.26,5,766.36
T758,587,13,795.04,4,766.63
T759,249,23,779.42,1,769.11
T760,162,10,775.84,1,769.82
T761,423,24,791.31,1,770.7
T762,529,7,791.0,2,771.84
T763,107,24,777.46,4,772.11
T764,771,18,802.16,5,772.76
T765,694,24,806.63,3,773.23
T766,204,6,783.03,5,773.92
T767,755,23,798.27,2,773.94
T768,587,8,802.35,3,776.01
T769,166,7,782.0,3,776.84
T770,287,16,785.42,2,777.03
T771,156,6,784.05,1,777.19
T772,146,24,784.64,5,777.64
T773,384,19,796.31,5,777.72
T774,738,13,808.0,5,778.2
T775,261,18,791.23,5,780.29
T776,725,21,803.25,1,780.77
T777,575,15,805.29,1,781.19
T778,616,11,801.28,4,782.75
T779,232,14,791.14,3,784.02
T780,675,20,808.61,1,784.07
T781,674,11,804.0,1,785.03
T782,323,7,797.4,2,785.15
T783,474,19,804.73,5,785.43
T784,766,21,808.05,5,785.99
T785,676,11,810.88,4,788.56
T786,490,6,805.94,4,791.13
T787,234,23,802.32,4,793.94
T788,140,17,799.26,4,794.87
T789,495,11,816.07,5,795.63
T790,737,13,829.1,4,796.87
T791,508,17,814.19,5,797.59
T792,439,20,818.03,3,800.87
T793,601,16,824.61,3,803.22
T794,267,18,816.63,4,804.14
T795,374,18,816.49,2,804.75
T796,632,24,832.13,4,805.43
T797,585,17,829.87,3,807.1
T798,767,24,840.96,1,808.0
T799,632,19,838.94,2,809.08
T800,655,24,841.15,4,809.42
T801,590,11,829.87,1,809.69
T802,266,22,820.64,4,810.04
T803,362,23,825.67,2,810.25
T804,483,12,825.41,4,810.76
T805,735,16,841.04,1,813.65
T806,305,6,827.77,1,815.23
T807,625,11,835.77,2,815.79
T808,736,21,852.97,3,816.44
T809,764,22,850.1,4,816.65
T810,120,20,823.23,2,819.41
T811,580,18,837.46,5,819.75
T812,389,6,837.71,4,820.07
T813,163,20,826.49,1,820.36
T814,329,8,833.96,5,820.8
T815,188,7,830.48,4,821.32
T816,217,21,829.84,5,821.96
T817,633,17,845.72,4,823.32
T818,750,15,851.68,4,824.46
T819,339,7,836.56,4,825.92
T820,697,7,858.44,3,828.23
T821,790,10,859.94,3,828.89
T822,340,12,841.92,3,829.71
T823,560,7,847.35,5,830.09
T824,265,6,841.84,1,831.88
T825,766,18,860.45,2,832.67
T826,519,8,853.89,2,833.39
T827,511,10,854.46,3,834.35
T828,110,19,838.83,3,834.74
T829,176,8,845.98,1,837.46
T830,129,22,844.1,4,838.46
T831,128,16,842.78,2,838.56
T832,466,17,854.06,2,838.97
T833,586,14,865.28,5,841.12
T834,341,10,855.95,1,841.31
T835,396,7,857.84,1,841.75
T836,565,19,862.92,5,842.57
T837,585,24,869.62,3,846.3
T838,117,19,851.18,2,846.46
T839,525,8,868.59,1,846.69
T840,768,14,869.21,3,848.32
T841,700,14,871.78,2,848.45
T842,710,7,875.94,4,849.46
T843,736,8,884.57,2,849.81
T844,382,11,868.75,4,850.13
T845,792,14,889.33,3,851.6
T846,546,6,867.86,5,852.05
T847,379,8,865.87,3,853.1
T848,175,24,861.3,1,853.3
T849,717,21,872.95,2,853.71
T850,704,20,878.27,5,854.98
T851,616,23,875.81,5,855.93
T852,219,16,864.42,4,856.89
T853,726,19,878.27,1,858.8
T854,332,23,871.14,4,859.92
T855,661,23,883.71,4,860.25
T856,679,19,879.14,4,860.72
T857,545,14,885.37,4,862.61
T858,383,10,880.43,2,862.67
T859,149,20,868.66,2,863.73
T860,248,17,871.95,5,864.43
T861,230,17,872.23,1,865.42
T862,192,18,873.07,3,865.71
T863,687,22,889.88,1,866.64
T864,375,21,877.86,4,866.87
T865,350,7,886.42,3,868.94
T866,429,18,883.02,1,870.0
T867,640,19,898.96,4,870.04
T868,156,16,876.0,2,870.15
T869,350,17,882.69,3,870.81
T870,282,16,885.6,2,871.57
T871,173,23,880.26,4,873.82
T872,649,16,892.55,2,874.55
T873,486,19,894.63,4,875.22
T874,609,16,895.61,4,875.45
T875,120,24,879.92,3,875.53
T876,762,13,913.23,5,875.9
T877,591,18,892.66,5,876.47
T878,432,16,892.4,4,876.97
T879,746,10,906.45,1,877.77
T880,458,22,896.59,4,878.47
T881,650,15,907.77,5,879.51
T882,463,22,902.37,2,880.44
T883,349,15,891.59,5,881.14
T884,594,19,903.84,2,885.09
T885,302,19,899.74,5,885.66
T886,254,24,898.55,3,886.5
T887,643,22,904.81,3,887.18
T888,597,14,908.25,3,888.05
T889,390,18,904.77,3,888.15
T890,395,12,902.75,1,888.46
T891,582,14,913.94,4,889.21
T892,763,22,927.26,2,890.41
T893,714,24,910.46,5,890.66
T894,297,8,904.75,2,890.91
T895,166,13,896.8,5,891.33
T896,712,10,922.87,5,891.82
T897,382,13,903.89,4,892.09
T898,532,16,908.76,5,893.4
T899,316,21,906.92,2,894.2
T900,431,23,915.99,3,894.68
T901,569,7,917.85,5,895.81
T902,715,13,924.6,5,896.01
T903,730,19,927.35,4,897.63
T904,276,20,906.05,4,897.67
T905,670,12,930.47,4,897.69
T906,260,10,906.62,3,898.73
T907,314,24,912.02,2,901.61
T908,142,23,906.43,1,902.58
T909,278,13,913.64,3,904.3
T910,587,19,927.69,1,904.62
T911,247,23,911.62,1,904.64
T912,557,24,929.99,5,905.05
T913,697,12,939.71,1,906.45
T914,555,16,933.48,5,907.0
T915,678,19,927.15,2,907.15
T916,262,18,916.01,5,907.44
T917,432,23,920.06,5,907.52
T918,447,7,924.99,5,910.36
T919,134,17,914.37,5,910.53
T920,508,10,927.62,2,911.33
T921,411,15,930.03,3,913.18
T922,406,24,929.09,3,913.2
T923,799,23,937.29,1,913.56
T924,764,18,940.09,5,913.88
T925,307,14,928.77,4,916.14
T926,156,23,920.74,4,916.47
T927,584,13,944.34,4,917.1
T928,102,6,921.95,4,918.63
T929,546,6,946.57,2,922.55
T930,595,7,949.23,1,922.74
T931,728,7,961.91,1,927.83
T932,527,10,949.22,2,929.96
T933,677,8,962.94,3,931.02
T934,567,13,948.32,1,932.63
T935,540,18,958.94,4,935.05
T936,101,22,939.48,1,936.29
T937,302,14,950.67,2,936.78
T938,773,7,961.93,2,937.09
T939,723,19,963.28,5,940.84
T940,238,13,949.09,3,941.87
T941,610,15,960.14,3,942.85
T942,290,23,959.03,5,947.63
T943,137,18,954.5,2,948.09
T944,794,16,971.02,5,949.12
T945,650,19,971.5,3,950.25
T946,391,16,970.25,4,951.78
T947,307,10,965.35,5,952.41
T948,464,15,965.84,1,953.07
T949,722,18,976.62,1,956.36
T950,409,20,968.08,4,957.12
T951,180,18,963.55,2,957.75
T952,578,12,979.52,5,958.24
T953,100,15,963.11,1,958.74
T954,271,18,971.82,2,962.76
T955,464,21,980.8,4,963.5
T956,347,16,981.72,1,964.52
T957,484,11,985.47,4,965.02
T958,246,8,973.7,2,965.06
T959,317,6,977.81,5,966.2
T960,172,7,975.74,2,967.57
T961,648,10,997.95,2,968.89
T962,429,23,989.27,1,969.57
T963,169,14,976.43,4,970.42
T964,162,14,978.83,5,970.98
T965,223,16,980.36,4,972.47
T966,116,8,977.18,2,973.08
T967,124,22,977.63,5,974.08
T968,794,23,999.79,1,974.12
T969,679,18,1005.19,5,974.7
T970,661,20,1001.26,4,974.94
T971,670,7,995.26,1,974.96
T972,490,6,995.93,1,977.56
T973,153,7,984.09,3,977.58
T974,228,17,990.36,5,979.99
T975,757,16,1003.81,5,980.23
T976,550,12,1002.84,3,980.85
T977,276,21,991.32,4,980.86
T978,245,13,991.1,4,980.91
T979,547,18,1007.57,2,980.99
T980,752,18,1014.03,4,983.28
T981,436,6,1003.41,1,984.86
T982,434,13,1001.15,5,984.96
T983,220,23,993.18,2,986.78
T984,153,17,991.59,1,987.06
T985,743,11,1011.7,2,987.51
T986,324,18,999.41,5,988.1
T987,106,17,993.18,2,988.52
T988,262,13,996.92,2,989.7
T989,166,12,997.47,2,991.82
T990,358,19,1002.49,3,991.86
T991,512,16,1007.3,2,993.32
T992,246,24,1000.71,2,993.89
T993,310,11,1006.05,2,994.31
T994,198,23,999.7,5,994.35
T995,363,8,1011.69,1,997.66
T996,664,24,1030.0,4,1000.62
T997,257,15,1011.36,3,1001.3
T998,376,7,1016.28,4,1002.25
T999,565,20,1028.96,1,1003.08
T1000,586,18,1031.31,4,1003.15
T1001,306,22,1015.18,5,1003.89
T1002,283,24,1019.92,5,1008.24
T1003,307,13,1019.57,5,1008.41
T1004,645,18,1026.36,2,1008.86
T1005,280,24,1022.91,5,1009.31
T1006,310,21,1022.15,1,1010.14
T1007,307,7,1022.36,5,1011.55
T1008,616,6,1039.5,4,1015.14
T1009,783,12,1043.85,3,1016.04
T1010,566,15,1032.74,5,1017.06
T1011,693,6,1046.59,3,1018.66
T1012,497,23,1040.24,3,1021.88
T1013,584,12,1050.52,2,1022.87
T1014,196,20,1030.6,3,1022.92
T1015,494,17,1046.19,4,1023.07
T1016,479,11,1044.23,4,1023.4
T1017,767,24,1058.34,3,1023.62
T1018,347,11,1033.56,1,1023.77
T1019,273,13,1032.57,4,1024.99
T1020,406,17,1038.99,4,1026.48
T1021,309,15,1040.49,3,1027.11
T1022,488,6,1045.65,2,1027.44
T1023,441,18,1047.31,2,1027.69
T1024,693,10,1061.97,4,1028.25
T1025,139,12,1036.78,5,1030.73
T1026,518,19,1048.8,5,1031.49
T1027,221,18,1042.12,1,1031.96
T1028,704,17,1060.77,5,1033.6
T1029,302,24,1044.68,3,1034.22
T1030,456,16,1050.41,2,1035.6
T1031,611,7,1063.4,5,1036.49
T1032,534,19,1058.4,5,1036.91
T1033,107,10,1040.16,1,1037.1
T1034,145,16,1043.07,3,1037.13
T1035,627,24,1058.52,3,1038.22
T1036,258,15,1046.4,4,1038.33
T1037,577,18,1065.2,1,1038.52
T1038,739,20,1068.79,1,1039.11
T1039,100,19,1044.43,2,1041.3
T1040,220,11,1050.55,5,1041.59
T1041,142,16,1048.26,2,1042.21
T1042,401,18,1057.32,3,1043.45
T1043,205,22,1052.76,4,1046.66
T1044,771,16,1078.6,5,1049.1
T1045,513,6,1069.47,1,1049.47
T1046,616,11,1078.04,1,1051.12
T1047,591,21,1075.27,1,1051.42
T1048,671,13,1083.24,2,1053.47
T1049,199,13,1063.35,5,1055.18
T1050,131,8,1061.86,3,1056.99
T1051,776,19,1093.6,4,1057.28
T1052,249,16,1069.93,5,1057.97
T1053,499,23,1081.81,4,1059.52
T1054,638,11,1085.34,1,1061.21
T1055,357,16,1073.61,1,1063.43
T1056,247,18,1072.39,4,1063.77
T1057,288,6,1072.45,2,1064.41
T1058,414,8,1084.23,3,1064.72
T1059,452,24,1081.74,1,1065.3
T1060,792,18,1098.52,1,1068.3
T1061,546,16,1090.36,2,1068.53
T1062,745,14,1098.09,4,1068.93
T1063,409,22,1085.78,5,1069.66
T1064,557,23,1087.05,3,1071.58
T1065,290,17,1085.69,5,1075.13
T1066,249,20,1087.76,1,1076.89
T1067,470,24,1098.34,4,1078.5
T1068,710,24,1104.82,4,1079.48
T1069,437,12,1095.72,4,1079.81
T1070,330,12,1091.35,4,1081.11
T1071,296,21,1093.27,3,1081.47
T1072,409,12,1101.78,2,1084.23
T1073,451,16,1107.97,3,1085.82
T1074,426,7,1100.77,1,1086.22
T1075,647,11,1107.44,3,1088.49
T1076,379,10,1106.97,4,1091.53
T1077,239,17,1103.08,3,1091.62
T1078,457,7,1108.86,4,1092.62
T1079,274,13,1102.64,2,1093.69
T1080,440,18,1112.14,1,1094.06
T1081,605,12,1120.93,2,1095.62
T1082,355,21,1112.63,3,1096.12
T1083,725,18,1126.51,3,1097.77
T1084,338,24,1111.49,2,1098.34
T1085,197,15,1107.44,2,1099.22
T1086,394,12,1116.6,5,1099.47
T1087,247,8,1112.46,2,1103.91
T1088,215,20,1113.76,5,1104.1
T1089,537,13,1128.6,2,1104.3
T1090,548,20,1131.42,3,1104.42
T1091,671,24,1125.59,3,1105.86
T1092,482,13,1129.41,5,1105.94
T1093,519,16,1128.5,1,1110.26
T1094,138,23,1115.63,1,1111.4
T1095,496,12,1131.79,1,1111.41
T1096,186,22,1120.35,4,1112.28
T1097,478,20,1126.71,1,1112.32
T1098,302,7,1121.83,2,1112.37
T1099,176,13,1119.71,2,1113.11
T1100,215,6,1123.91,2,1116.67
T1101,773,22,1155.3,3,1117.33
T1102,667,18,1142.48,3,1118.34
T1103,443,12,1138.31,5,1118.63
T1104,644,21,1142.26,5,1119.15
T1105,180,7,1128.16,4,1119.66
T1106,748,11,1140.76,2,1120.42
T1107,389,15,1134.67,3,1120.53
T1108,407,13,1140.49,3,1121.42
T1109,299,6,1133.53,5,1123.89
T1110,610,22,1154.81,2,1124.9
T1111,433,22,1142.05,1,1125.96
T1112,575,24,1149.53,5,1128.21
T1113,189,10,1137.54,1,1128.55
T1114,733,18,1161.21,1,1130.15
T1115,394,16,1146.01,4,1131.05
T1116,547,15,1155.45,3,1131.46
T1117,757,19,1172.11,1,1134.45
T1118,622,23,1154.41,3,1135.7
T1119,193,24,1142.36,2,1136.45
T1120,580,10,1157.97,3,1137.63
T1121,656,19,1166.41,4,1139.26
T1122,504,15,1162.16,5,1142.89
T1123,127,12,1149.18,4,1143.65
T1124,399,12,1155.86,3,1143.82
T1125,161,24,1150.63,4,1144.79
T1126,486,14,1167.95,5,1144.8
T1127,157,8,1150.73,4,1145.53
T1128,653,22,1171.06,4,1146.36
T1129,398,24,1164.85,5,1146.56
T1130,392,16,1158.58,2,1147.15
T1131,792,15,1171.21,4,1148.3
T1132,719,16,1176.82,3,1148.96
T1133,609,16,1169.72,1,1152.12
T1134,249,17,1161.07,1,1152.22
T1135,735,15,1174.34,1,1154.63
T1136,475,13,1169.18,3,1155.13
T1137,261,13,1167.57,3,1156.67
T1138,607,13,1180.08,4,1158.02
T1139,484,7,1176.12,3,1158.36
T1140,176,20,1167.09,5,1158.38
T1141,464,12,1182.95,4,1160.85
T1142,756,15,1184.36,3,1161.73
T1143,772,22,1193.76,3,1161.85
T1144,358,18,1172.69,3,1162.08
T1145,222,22,1170.11,1,1162.5
T1146,347,23,1176.75,2,1162.53
T1147,221,21,1173.02,4,1162.72
T1148,702,12,1189.93,4,1164.54
T1149,378,23,1175.19,5,1165.03
T1150,792,8,1202.31,4,1165.69
T1151,681,22,1192.06,3,1168.07
T1152,315,16,1177.88,4,1168.2
T1153,726,13,1202.44,5,1169.39
T1154,699,21,1200.99,4,1170.39
T1155,550,15,1190.75,2,1171.04
T1156,634,21,1193.91,1,1175.27
T1157,300,11,1185.38,3,1175.68
T1158,314,7,1187.2,2,1175.99
T1159,480,17,1202.42,1,1180.36
T1160,200,22,1187.93,2,1180.98
T1161,152,15,1188.28,5,1181.84
T1162,469,8,1203.21,5,1187.24
T1163,394,21,1199.02,3,1187.62
T1164,411,22,1207.94,2,1188.73
T1165,129,21,1192.78,3,1188.86
T1166,138,19,1196.44,2,1189.95
T1167,173,16,1195.96,2,1190.16
T1168,207,10,1199.17,5,1191.35
T1169,219,14,1199.63,1,1192.65
T1170,717,6,1225.2,5,1192.93
T1171,101,16,1197.0,5,1193.17
T1172,360,17,1207.01,2,1193.22
T1173,538,15,1217.64,4,1194.33
T1174,174,8,1201.49,1,1194.39
T1175,325,18,1211.18,4,1195.53
T1176,517,10,1222.14,1,1198.24
T1177,679,23,1228.2,4,1198.56
T1178,315,18,1209.35,5,1198.96
T1179,321,18,1211.46,5,1200.01
T1180,435,22,1211.68,3,1200.04
T1181,333,12,1215.96,5,1200.73
T1182,423,10,1217.08,1,1200.82
T1183,476,7,1216.73,1,1203.28
T1184,609,21,1225.11,2,1204.46
T1185,608,6,1234.88,4,1205.54
T1186,413,12,1221.63,5,1205.63
T1187,260,7,1218.72,3,1207.21
T1188,416,6,1227.28,5,1208.27
T1189,106,10,1212.89,5,1208.33
T1190,568,11,1230.68,4,1208.56
T1191,520,19,1231.0,2,1209.34
T1192,506,10,1231.05,3,1210.23
T1193,771,24,1242.58,2,1210.42
T1194,447,19,1226.64,3,1211.48
T1195,688,15,1240.23,3,1211.91
T1196,142,13,1216.25,3,1212.25
T1197,452,20,1233.45,1,1212.56
T1198,145,6,1219.19,3,1212.74
T1199,252,15,1225.23,5,1213.2
T1200,474,21,1228.29,5,1213.28
T1201,513,15,1232.82,1,1213.99
T1202,604,15,1233.16,4,1214.29
T1203,312,13,1227.38,2,1216.73
T1204,187,18,1224.26,2,1217.7
T1205,263,12,1224.92,3,1217.71
T1206,586,19,1241.34,5,1217.74
T1207,110,16,1222.63,1,1218.06
T1208,681,14,1245.71,5,1218.39
T1209,117,8,1223.37,3,1218.65
T1210,789,21,1250.37,4,1218.76
T1211,754,10,1241.16,4,1219.44
T1212,418,24,1239.23,5,1219.67
T1213,208,17,1229.91,3,1221.84
T1214,657,15,1250.74,1,1222.63
T1215,570,11,1245.97,1,1222.83
T1216,359,20,1233.3,4,1222.96
T1217,570,19,1241.26,1,1224.25
T1218,397,14,1236.74,1,1224.44
T1219,396,20,1240.06,1,1228.25
T1220,723,6,1248.43,5,1229.12
T1221,652,24,1252.41,5,1229.8
T1222,546,20,1245.4,2,1229.94
T1223,300,20,1241.95,2,1230.8
T1224,250,16,1237.84,2,1230.99
T1225,541,10,1254.2,3,1233.45
T1226,644,16,1265.58,3,1233.61
T1227,707,24,1262.78,5,1234.34
T1228,244,10,1245.3,3,1235.47
T1229,557,17,1254.82,1,1236.41
T1230,269,12,1250.13,2,1238.51
T1231,706,16,1273.05,2,1238.83
T1232,146,18,1246.48,2,1240.58
T1233,734,24,1269.83,2,1241.33
T1234,555,22,1258.0,3,1241.54
T1235,656,10,1268.92,2,1241.56
T1236,201,12,1249.75,3,1243.71
T1237,619,20,1274.13,5,1243.89
T1238,357,21,1257.68,5,1244.28
T1239,410,24,1263.44,5,1244.86
T1240,197,8,1255.25,4,1245.78
T1241,734,13,1278.34,5,1247.1
T1242,116,16,1252.11,3,1247.55
T1243,788,14,1274.15,1,1248.05
T1244,456,16,1265.85,3,1249.01
T1245,717,22,1276.27,5,1249.85
T1246,134,13,1255.19,1,1250.08
T1247,729,17,1276.13,5,1251.11
T1248,476,16,1270.83,3,1252.81
T1249,481,13,1266.01,4,1252.88
T1250,156,11,1261.76,4,1255.37
T1251,260,16,1268.94,4,1256.48
T1252,449,19,1274.65,3,1258.03
T1253,113,24,1261.43,2,1258.17
T1254,654,22,1289.51,2,1259.26
T1255,589,10,1285.66,2,1259.36
T1256,454,17,1280.82,4,1259.42
T1257,152,13,1267.12,2,1259.67
T1258,763,13,1297.0,4,1260.84
T1259,495,21,1280.38,3,1261.95
T1260,409,6,1279.6,3,1263.89
T1261,152,19,1271.84,2,1264.58
T1262,396,21,1285.1,1,1265.68
T1263,671,21,1292.93,1,1269.95
T1264,219,14,1277.7,1,1271.79
T1265,680,6,1292.7,4,1273.83
T1266,698,13,1307.58,1,1274.92
T1267,109,10,1280.54,2,1276.51
T1268,492,18,1290.05,3,1276.66
T1269,667,13,1296.34,1,1277.94
T1270,106,15,1283.19,1,1278.24
T1271,136,13,1282.9,5,1278.53
T1272,412,14,1293.65,4,1279.73
T1273,630,10,1308.79,2,1283.06
T1274,694,11,1310.55,1,1284.24
T1275,386,23,1302.03,5,1284.38
T1276,350,10,1298.57,3,1285.52
T1277,218,22,1292.69,4,1286.13
T1278,556,18,1310.91,2,1286.39
T1279,396,21,1304.57,2,1286.75
T1280,705,8,1311.97,3,1288.65
T1281,303,14,1299.08,3,1290.96
T1282,392,21,1313.43,4,1294.83
T1283,610,7,1313.17,1,1295.1
T1284,648,11,1321.78,3,1295.66
T1285,389,7,1308.21,2,1295.89
T1286,443,14,1317.83,1,1296.61
T1287,521,19,1322.78,2,1298.07
T1288,725,17,1318.34,5,1298.24
T1289,352,11,1316.61,4,1299.42
T1290,419,17,1314.76,2,1302.53
T1291,757,12,1329.16,3,1303.75
T1292,111,23,1307.67,1,1304.28
T1293,472,21,1324.89,2,1304.77
T1294,319,23,1316.69,3,1304.82
T1295,337,18,1317.21,4,1305.73
T1296,184,7,1313.46,4,1305.84
T1297,608,6,1322.49,4,1305.89
T1298,299,13,1318.77,5,1308.65
T1299,464,22,1324.68,2,1309.96
T1300,550,6,1329.6,3,1309.97
T1301,319,20,1325.83,1,1310.79
T1302,168,21,1319.38,1,1312.33
T1303,789,11,1342.1,1,1312.36
T1304,126,13,1318.47,1,1312.86
T1305,720,15,1336.49,5,1313.42
T1306,390,8,1324.65,1,1313.76
T1307,470,10,1329.49,3,1314.22
T1308,623,19,1350.76,4,1319.81
T1309,110,21,1324.16,3,1320.62
T1310,519,18,1340.76,5,1320.9
T1311,388,24,1334.39,3,1321.06
T1312,453,20,1340.99,4,1321.15
T1313,201,13,1329.66,5,1321.17
T1314,412,11,1341.87,1,1321.29
T1315,308,8,1332.07,4,1322.43
T1316,374,15,1338.94,5,1323.3
T1317,192,8,1333.67,3,1326.47
T1318,683,16,1344.97,5,1326.56
T1319,100,17,1331.34,5,1326.61
T1320,259,10,1340.8,2,1328.84
T1321,261,6,1340.81,3,1329.87
T1322,526,11,1349.39,3,1330.45
T1323,256,6,1337.6,1,1330.76
T1324,456,17,1350.79,5,1331.04
T1325,686,19,1365.32,2,1332.04
T1326,264,19,1340.17,3,1332.37
T1327,429,12,1353.85,3,1332.81
T1328,372,10,1346.0,3,1333.35
T1329,717,12,1354.15,2,1334.42
T1330,435,8,1350.72,1,1334.74
T1331,234,11,1345.31,1,1335.83
T1332,750,21,1369.22,3,1335.93
T1333,206,18,1342.81,5,1336.3
T1334,154,16,1342.35,5,1336.33
T1335,325,7,1350.04,2,1338.54
T1336,238,17,1347.16,2,1338.68
T1337,278,11,1352.95,1,1340.92
T1338,231,24,1351.05,4,1342.44
T1339,324,21,1356.04,3,1342.7
T1340,704,17,1364.45,4,1343.99
T1341,752,6,1366.89,2,1345.73
T1342,453,20,1367.37,1,1346.94
T1343,652,6,1378.5,2,1348.28
T1344,478,19,1371.27,1,1348.38
T1345,208,17,1358.99,4,1348.93
T1346,211,6,1359.3,5,1350.0
T1347,539,15,1376.66,3,1350.37
T1348,218,6,1361.6,1,1351.16
T1349,312,22,1363.8,1,1353.02
T1350,518,11,1371.62,1,1353.55
T1351,769,16,1382.84,2,1353.85
T1352,362,17,1364.55,4,1353.9
T1353,692,15,1373.97,4,1354.1
T1354,341,24,1367.78,4,1354.1
T1355,287,16,1362.44,5,1354.13
T1356,290,21,1371.25,1,1358.08
T1357,384,21,1372.61,5,1358.15
T1358,340,13,1370.85,2,1358.68
T1359,722,12,1384.01,1,1358.89
T1360,368,17,1375.54,4,1360.03
T1361,174,19,1367.53,5,1361.66
T1362,775,14,1385.86,1,1362.11
T1363,385,21,1378.16,2,1362.3
T1364,544,14,1386.07,4,1362.68
T1365,510,14,1383.79,1,1363.74
T1366,298,18,1374.41,4,1366.11
T1367,731,21,1399.66,5,1367.28
T1368,536,8,1385.01,3,1367.38
T1369,666,11,1388.16,1,1367.71
T1370,595,24,1393.5,5,1369.23
T1371,522,7,1384.63,5,1369.45
T1372,150,15,1375.15,3,1369.91
T1373,421,21,1389.5,1,1370.69
T1374,389,16,1386.73,2,1373.19
T1375,725,20,1409.19,1,1373.83
T1376,326,22,1390.56,2,1375.44
T1377,304,13,1388.28,3,1376.05
T1378,526,15,1395.04,5,1376.6
T1379,680,8,1410.64,2,1377.3
T1380,731,6,1398.08,1,1378.04
T1381,174,16,1386.31,1,1378.07
T1382,335,11,1388.94,5,1378.23
T1383,403,15,1398.76,3,1378.82
T1384,324,16,1388.74,5,1379.55
T1385,543,17,1399.64,3,1382.07
T1386,476,12,1397.7,1,1382.58
T1387,269,18,1394.43,2,1382.79
T1388,418,23,1399.51,3,1382.98
T1389,450,8,1404.32,3,1383.72
T1390,420,12,1398.67,4,1383.8
T1391,132,6,1391.67,2,1385.8
T1392,520,15,1407.3,4,1387.13
T1393,706,7,1418.81,1,1387.66
T1394,150,24,1396.65,3,1392.19
T1395,305,15,1401.38,4,1392.54
T1396,688,6,1415.98,5,1392.83
T1397,401,13,1409.58,4,1393.09
T1398,751,17,1419.8,5,1393.12
T1399,341,16,1406.37,3,1394.22
T1400,527,23,1418.97,5,1394.59
T1401,555,24,1419.6,4,1396.88
T1402,335,20,1410.93,2,1398.94
T1403,426,22,1416.68,4,1399.59
T1404,256,23,1408.81,2,1400.85
T1405,212,10,1412.47,4,1402.8
T1406,445,12,1415.15,4,1402.82
T1407,164,15,1410.4,1,1403.14
T1408,531,6,1431.26,5,1406.32
T1409,590,11,1435.37,2,1407.06
T1410,718,11,1431.29,5,1407.55
T1411,150,19,1413.84,5,1408.07
T1412,149,19,1413.07,5,1408.84
T1413,681,19,1428.43,5,1409.86
T1414,239,24,1420.22,2,1410.22
T1415,418,23,1423.68,1,1410.56
T1416,535,10,1434.19,4,1411.5
T1417,626,8,1433.91,4,1412.81
T1418,451,19,1428.72,3,1414.55
T1419,690,10,1436.21,2,1414.9
T1420,792,8,1439.18,2,1415.63
T1421,791,20,1450.92,3,1415.67
T1422,783,19,1453.62,1,1415.93
T1423,377,18,1430.86,5,1416.14
T1424,533,16,1438.39,4,1417.07
T1425,446,19,1431.96,2,1418.03
T1426,486,23,1433.88,3,1419.25
T1427,214,11,1428.9,4,1419.52
T1428,390,17,1431.7,3,1419.63
T1429,455,15,1440.44,3,1420.14
T1430,798,24,1454.95,3,1421.45
T1431,787,8,1451.2,3,1421.47
T1432,611,13,1445.07,5,1422.1
T1433,505,11,1447.38,1,1422.51
T1434,780,14,1457.68,5,1422.75
T1435,699,13,1457.6,2,1422.86
T1436,534,12,1445.36,1,1423.08
T1437,659,13,1451.3,2,1424.19
T1438,604,14,1452.92,2,1425.21
T1439,447,23,1446.44,1,1425.52
T1440,406,17,1438.98,3,1426.3
T1441,312,13,1435.65,3,1427.28
T1442,654,17,1445.73,3,1427.37
T1443,604,20,1450.91,1,1428.17
T1444,231,23,1440.03,2,1428.66
T1445,671,17,1450.2,3,1428.98
T1446,374,10,1451.31,5,1432.89
T1447,401,15,1445.16,4,1433.88
T1448,274,24,1441.48,2,1434.03
T1449,792,10,1469.07,5,1434.1
T1450,551,6,1457.3,5,1434.92
T1451,634,16,1460.61,3,1438.51
T1452,144,22,1445.04,3,1438.72
T1453,547,10,1462.2,2,1440.93
T1454,200,24,1450.77,5,1441.83
T1455,269,20,1454.52,3,1443.37
T1456,309,20,1457.39,2,1445.31
T1457,301,22,1454.65,4,1445.58
T1458,421,10,1465.08,3,1447.15
T1459,331,11,1460.56,4,1447.28
T1460,382,11,1459.99,5,1448.87
T1461,498,8,1469.26,2,1449.41
T1462,515,6,1473.31,4,1451.26
T1463,138,8,1457.89,4,1452.81
T1464,195,14,1461.46,1,1453.04
T1465,566,11,1478.97,5,1454.43
T1466,271,11,1462.98,4,1454.84
T1467,727,10,1477.66,2,1455.21
T1468,272,24,1467.97,1,1455.29
T1469,570,6,1471.99,4,1455.46
T1470,227,15,1466.22,5,1456.19
T1471,756,13,1480.9,1,1456.8
T1472,325,12,1472.78,3,1458.25
T1473,641,19,1484.25,4,1458.45
T1474,622,18,1481.64,4,1459.01
T1475,482,20,1474.25,2,1459.73
T1476,283,11,1471.69,5,1460.49
T1477,732,6,1494.83,5,1462.38
T1478,731,10,1487.24,2,1466.48
T1479,715,21,1488.71,2,1467.62
T1480,352,7,1477.63,1,1467.8
T1481,277,16,1478.08,1,1468.94
T1482,194,22,1476.48,5,1470.48
T1483,772,17,1492.73,5,1470.56
T1484,440,12,1492.13,2,1471.01
T1485,645,16,1501.7,4,1473.18
T1486,409,16,1498.02,2,1481.35
T1487,254,18,1492.98,4,1481.41
T1488,791,10,1506.07,3,1482.34
T1489,247,16,1495.19,2,1484.33
T1490,577,8,1502.97,5,1484.42
T1491,111,24,1487.6,3,1484.59
T1492,583,11,1501.92,1,1485.34
T1493,525,11,1506.48,2,1487.13
T1494,257,21,1501.22,2,1491.93
T1495,797,20,1513.99,5,1492.34
T1496,683,6,1526.06,1,1492.94
T1497,477,15,1517.85,1,1495.45
T1498,206,10,1503.52,4,1495.52
T1499,383,13,1512.4,1,1496.09
T1500,124,6,1502.38,1,1498.83
